Step,Users,Conversion_Rate,Pct_of_Signups
1. Signed Up,800,,100.0
2. Viewed Feature,702,87.75,87.75
3. Returned 7d,418,59.54415954415955,52.25
4. Upgraded,224,53.588516746411486,28.000000000000004
