country,Signups,Viewed_Feature,Returned_7d,Upgraded,View_Rate,Return_Rate,Upgrade_Rate
India,113,101,61,40,89.38053097345133,53.98230088495575,35.39823008849557
Australia,107,92,59,37,85.98130841121495,55.140186915887845,34.57943925233645
Canada,128,107,65,38,83.59375,50.78125,29.6875
Germany,121,104,61,32,85.9504132231405,50.413223140495866,26.446280991735538
USA,118,110,69,30,93.22033898305084,58.47457627118644,25.423728813559322
UK,108,96,50,26,88.88888888888889,46.2962962962963,24.074074074074073
Brazil,105,92,53,21,87.61904761904762,50.476190476190474,20.0
