source,Signups,Viewed_Feature,Returned_7d,Upgraded,View_Rate,Return_Rate,Upgrade_Rate
social,85,73,44,26,85.88235294117646,51.76470588235295,30.58823529411765
organic,223,199,124,66,89.23766816143498,55.60538116591929,29.596412556053814
ads,258,227,131,71,87.98449612403101,50.775193798449614,27.51937984496124
referral,169,146,82,45,86.3905325443787,48.5207100591716,26.627218934911244
partner,65,57,37,16,87.6923076923077,56.92307692307692,24.615384615384617
