device,Signups,Viewed_Feature,Returned_7d,Upgraded,View_Rate,Return_Rate,Upgrade_Rate
tablet,85,74,49,27,87.05882352941177,57.647058823529406,31.76470588235294
desktop,251,225,136,73,89.64143426294821,54.18326693227091,29.08366533864542
mobile,464,403,233,124,86.85344827586206,50.21551724137932,26.72413793103448
